{
   "AccessTime" : {
      "avg" : 0,
      "max" : 0,
      "min" : 0
   },
   "Coverage" : null,
   "DataLatency" : {
      "avg" : 5334.3282091830461,
      "max" : 5525.9700268507004,
      "min" : 5119.9722290039062
   },
   "DownlinkTimePerPass" : {
      "avg" : 712.19613701105118,
      "max" : 911.9950532913208,
      "min" : 72.999604046344757
   },
   "NumGSpassesPD" : 15,
   "NumOfPOIpasses" : {
      "avg" : 0,
      "max" : 0,
      "min" : 0
   },
   "ResponseTime" : {
      "avg" : 0,
      "max" : 0,
      "min" : 0
   },
   "RevisitTime" : {
      "avg" : 0,
      "max" : 0,
      "min" : 0
   },
   "Time" : {
      "max" : 86400,
      "min" : 0
   },
   "TimeToCoverage" : {
      "avg" : 0,
      "max" : 0,
      "min" : 0
   },
   "TotalDownlinkTimePD" : 10682.942055165768
}
